{"JARDIM CAMBURI": 0.06982004397115638, "MARIA ORTIZ": 0.052521103440788225, "RESIST\u00caNCIA": 0.04008975182534584, "JARDIM DA PENHA": 0.03507740190179775, "ITARAR\u00c9": 0.0317931365186787, "CENTRO": 0.030164575171677508, "TABUAZEIRO": 0.028336967437820625, "SANTA MARTHA": 0.028327919874781726, "JESUS DE NAZARETH": 0.025812697349968786, "BONFIM": 0.02508889230685715, "SANTO ANT\u00d4NIO": 0.02484460810480697, "SANTO ANDR\u00c9": 0.023261284573000262, "CARATO\u00cdRA": 0.02320699919476689, "JABOUR": 0.022700335664588744, "S\u00c3O PEDRO": 0.02214843431921612, "ILHA DO PR\u00cdNCIPE": 0.020501777846137142, "NOVA PALESTINA": 0.020483682720059352, "ANDORINHAS": 0.020465587593981562, "DA PENHA": 0.020058447257231264, "ROM\u00c3O": 0.020040352131153474, "GURIGICA": 0.018257982212491065, "S\u00c3O JOS\u00c9": 0.01788703212789635, "BELA VISTA": 0.01725370271517367, "MARU\u00cdPE": 0.01720846489997919, "FORTE S\u00c3O JO\u00c3O": 0.01709084658047355, "ILHA DE SANTA MARIA": 0.017054656328317968, "S\u00c3O CRIST\u00d3V\u00c3O": 0.01661132573941209, "REDEN\u00c7\u00c3O": 0.01405086539940467, "S\u00c3O BENEDITO": 0.013019443212970586, "JOANA D\u00b4ARC": 0.01291087245650384, "CRUZAMENTO": 0.012648493128375873, "CONSOLA\u00c7\u00c3O": 0.012449446741520171, "SANTA TEREZA": 0.012051353967808771, "PRAIA DO SU\u00c1": 0.01165326119409737, "SANTOS DUMONT": 0.011544690437630624, "GRANDE VIT\u00d3RIA": 0.009689940014657053, "ILHA DAS CAIEIRAS": 0.009689940014657053, "INHANGUET\u00c1": 0.009563274132112515, "PRAIA DO CANTO": 0.009364227745256816, "BENTO FERREIRA": 0.007762809087372316, "VILA RUBIM": 0.007699476146100048, "CONQUISTA": 0.0076813810200222574, "DO QUADRO": 0.0076813810200222574, "REP\u00daBLICA": 0.00755471513747772, "MONTE BELO": 0.00745519194404987, "PARQUE MOSCOSO": 0.00725614555719417, "GOIABEIRAS": 0.006333294127226831, "JUCUTUQUARA": 0.006279008748993458, "FONTE GRANDE": 0.006170437992526713, "MATA DA PRAIA": 0.005826630597048685, "DO CABRAL": 0.005066635301781465, "SANTOS REIS": 0.004949016982275824, "ESTRELINHA": 0.0048675889149257644, "SANTA CLARA": 0.0045780668976811096, "SOLON BORGES": 0.004243307065241977, "PIEDADE": 0.004089498493580754, "SANTA CEC\u00cdLIA": 0.004053308241425172, "SANTA L\u00daCIA": 0.003962832611036218, "SANTA LU\u00cdZA": 0.0038723569806472626, "BARRO VERMELHO": 0.0038271191654527855, "DO MOSCOSO": 0.0037366435350638305, "M\u00c1RIO CYPRESTE": 0.0033566458874302206, "BOA VISTA": 0.002822839668135388, "COMDUSA": 0.002804744542057597, "DE LOURDES": 0.0027595067268631193, "ARIOVALDO FAVALESSA": 0.0025514127769685237, "ANT\u00d4NIO HON\u00d3RIO": 0.0024518895835406733, "FRADINHOS": 0.0023342712640350323, "ENSEADA DO SU\u00c1": 0.0021261773141404362, "SANTA HELENA": 0.0016104662209233942, "HORTO": 0.0015833235318067078, "UNIVERSIT\u00c1RIO": 0.001375229581912112, "SEGURAN\u00c7A DO LAR": 0.0013118966406398436, "NAZARETH": 0.001221421010250889, "MORADA DE CAMBURI": 0.0008685660517339655, "PONTAL DE CAMBURI": 0.0006242818496837877, "ILHA DO BOI": 0.00031666470636134157, "ILHA DO FRADE": 9.047563038895473e-05, "AEROPORTO": 7.238050431116379e-05, "ILHAS OCE\u00c2NICAS DE TRINDADE": 1.8095126077790947e-05, "PARQUE INDUSTRIAL": 9.047563038895473e-06}